{
    "epoch": 3.0,
    "total_flos": 3.9503182162899763e+18,
    "train_loss": 0.5706521520113554,
    "train_runtime": 16706.8683,
    "train_samples_per_second": 17.777,
    "train_steps_per_second": 0.139
}