{
  "train_losses": [
    1.2135,
    0.1637,
    0.1022,
    0.0846,
    0.079,
    0.0755,
    0.0735,
    0.0721,
    0.071,
    0.0699,
    0.0697,
    0.069,
    0.0682,
    0.0677,
    0.0676,
    0.0672,
    0.0667,
    0.0668,
    0.0664,
    0.0663,
    0.0663,
    0.0661,
    0.0659,
    0.0658,
    0.0657,
    0.0654,
    0.0654,
    0.0653,
    0.0652,
    0.065,
    0.065,
    0.0647,
    0.0647,
    0.0645,
    0.0646,
    0.0645,
    0.0645,
    0.0643,
    0.0643,
    0.0642,
    0.0644,
    0.0641,
    0.064,
    0.0642,
    0.0642,
    0.0642
  ],
  "train_steps": [
    50,
    100,
    150,
    200,
    250,
    300,
    350,
    400,
    450,
    500,
    550,
    600,
    650,
    700,
    750,
    800,
    850,
    900,
    950,
    1000,
    1050,
    1100,
    1150,
    1200,
    1250,
    1300,
    1350,
    1400,
    1450,
    1500,
    1550,
    1600,
    1650,
    1700,
    1750,
    1800,
    1850,
    1900,
    1950,
    2000,
    2050,
    2100,
    2150,
    2200,
    2250,
    2300
  ],
  "eval_losses": [
    0.08098000288009644,
    0.0713040754199028,
    0.06847795844078064,
    0.06691534072160721,
    0.06621278077363968,
    0.06585794687271118,
    0.06520304828882217,
    0.06477372348308563,
    0.06457116454839706,
    0.06438778340816498,
    0.06425745785236359
  ],
  "eval_steps": [
    200,
    400,
    600,
    800,
    1000,
    1200,
    1400,
    1600,
    1800,
    2000,
    2200
  ]
}