{
    "epoch": 3.0,
    "total_flos": 3.9503182162899763e+18,
    "train_loss": 0.0946487987174955,
    "train_runtime": 16831.7422,
    "train_samples_per_second": 17.645,
    "train_steps_per_second": 0.138
}